{"cameraMode":{"drawMode":0,"name":"Shaded","section":"Shading Mode"},"sceneLighting":true,"audioPlay":false,"sceneViewState":{"showFog":true,"showMaterialUpdate":false,"showSkybox":true,"showFlares":true,"showImageEffects":true,"showParticleSystems":true},"in2DMode":false,"pivot":{"x":62.402183532714847,"y":-33.77744674682617,"z":-37.69064712524414},"rotation":{"x":0.10768391937017441,"y":0.8480995893478394,"z":-0.1890372335910797,"w":0.4831167459487915},"size":97.95612335205078,"orthographic":false}